<?xml version='1.0' encoding='utf-8'?>
<!DOCTYPE hibernate-configuration PUBLIC
        "-//Hibernate/Hibernate Configuration DTD 3.0//EN"
        "http://hibernate.sourceforge.net/hibernate-configuration-3.0.dtd">

<hibernate-configuration>

    <session-factory>

        <!-- Database connection settings -->
        <property name="connection.driver_class">org.postgresql.Driver</property>
        <property name="connection.url">jdbc:postgresql://localhost:5432/postgres</property>
        <property name="connection.username">postgres</property>
        <property name="connection.password">pass</property>
        <property name="hibernate.default_schema">mvcSchema</property>

        <!-- JDBC connection pool (use the built-in) -->
        <property name="connection.pool_size">2</property>

        <!-- SQL dialect -->
        <property name="dialect">org.hibernate.dialect.PostgreSQLDialect</property>

        <!-- Enable Hibernate's current session context -->
        <property name="current_session_context_class">thread</property>

        <!-- Disable the second-level cache  -->
        <property name="cache.provider_class">org.hibernate.cache.NoCacheProvider</property>

        <!-- Echo all executed SQL to stdout -->
        <property name="show_sql">true</property>
        
<!-- 
        Drop and re-create the database schema on startup
        <property name="hbm2ddl.auto">create</property>
        
        <mapping resource="org/hibernate/tutorial/domain/Event.hbm.xml"/>
        <mapping resource="org/hibernate/tutorial/domain/Person.hbm.xml"/>
-->
        
		<!-- <mapping resource="com/phoenix/db/entities/User.hbm.xml"/> -->
		
		<mapping class="com.phoenix.mvc.db.entities.User" />
		<mapping class="com.phoenix.mvc.db.entities.Role" />
		<mapping class="com.phoenix.mvc.db.entities.ExamType" />
		<mapping class="com.phoenix.mvc.db.entities.Exam" />
		<mapping class="com.phoenix.mvc.db.entities.ExamMasterPart" />
		<mapping class="com.phoenix.mvc.db.entities.ExamPart" />
		<mapping class="com.phoenix.mvc.db.entities.Question" />
		<mapping class="com.phoenix.mvc.db.entities.Choice" />
		
		
    </session-factory>

</hibernate-configuration>

